,size_grp,mth,predict,ret_exc_lead1m,permno
0,small,197304,0.04964561015367508,0.09055417031049728,50980
1,mega,198712,-0.33493733406066895,0.13612689077854156,24678
2,small,197708,0.02691531926393509,-0.051760829985141754,47643
3,large,198612,0.22487536072731018,0.005372809711843729,15712
4,small,197603,0.03724370151758194,0.024971764534711838,43132
