,size_grp,mth,predict,ret_exc_lead1m,permno
0,small,197304,23.23931121826172,0.09055417031049728,50980
1,mega,198712,5.562134742736816,0.13612689077854156,24678
2,small,197708,4.592914581298828,-0.051760829985141754,47643
3,large,198612,5.173466205596924,0.005372809711843729,15712
4,small,197603,2.0639853477478027,0.024971764534711838,43132
