,size_grp,mth,predict,ret_exc_lead1m,permno
0,small,197304,1.04685640335083,0.09055417031049728,50980
1,mega,198712,0.869846522808075,0.13612689077854156,24678
2,small,197708,0.6586841940879822,-0.051760829985141754,47643
3,large,198612,0.8898538947105408,0.005372809711843729,15712
4,small,197603,0.7387398481369019,0.024971764534711838,43132
