,size_grp,mth,predict,ret_exc_lead1m,permno
0,small,197304,0.6389959454536438,0.09055417031049728,50980
1,mega,198712,-0.035775162279605865,0.13612689077854156,24678
2,small,197708,-0.11145838350057602,-0.051760829985141754,47643
3,large,198612,0.17450670897960663,0.005372809711843729,15712
4,small,197603,-0.15081368386745453,0.024971764534711838,43132
