,size_grp,mth,predict,ret_exc_lead1m,permno
0,small,197304,0.49713757634162903,0.09055417031049728,50980
1,mega,198712,0.5394282341003418,0.13612689077854156,24678
2,small,197708,0.5307625532150269,-0.051760829985141754,47643
3,large,198612,0.4923601448535919,0.005372809711843729,15712
4,small,197603,0.5318431854248047,0.024971764534711838,43132
