,size_grp,mth,predict,ret_exc_lead1m,permno
0,small,197304,0.49914613366127014,0.09055417031049728,50980
1,mega,198712,-0.01720590516924858,0.13612689077854156,24678
2,small,197708,-0.10214487463235855,-0.051760829985141754,47643
3,large,198612,0.14533133804798126,0.005372809711843729,15712
4,small,197603,-0.12167762964963913,0.024971764534711838,43132
