,size_grp,mth,predict,ret_exc_lead1m,permno
0,small,197304,1.2700387239456177,0.09055417031049728,50980
1,mega,198712,1.2706694602966309,0.13612689077854156,24678
2,small,197708,1.1143524646759033,-0.051760829985141754,47643
3,large,198612,1.2422211170196533,0.005372809711843729,15712
4,small,197603,1.089646577835083,0.024971764534711838,43132
