,size_grp,mth,predict,ret_exc_lead1m,permno
0,small,197304,1.0432240962982178,0.09055417031049728,50980
1,mega,198712,1.1029272079467773,0.13612689077854156,24678
2,small,197708,0.9908236265182495,-0.051760829985141754,47643
3,large,198612,1.1146173477172852,0.005372809711843729,15712
4,small,197603,1.076628565788269,0.024971764534711838,43132
