,size_grp,mth,predict,ret_exc_lead1m,permno
0,small,197304,-0.24666208028793335,0.09055417031049728,50980
1,mega,198712,-0.0044727325439453125,0.13612689077854156,24678
2,small,197708,-0.13691087067127228,-0.051760829985141754,47643
3,large,198612,0.1262756884098053,0.005372809711843729,15712
4,small,197603,0.003173377364873886,0.024971764534711838,43132
