,size_grp,mth,predict,ret_exc_lead1m,permno
0,small,197304,5.05772590637207,0.09055417031049728,50980
1,mega,198712,4.0554656982421875,0.13612689077854156,24678
2,small,197708,3.0002212524414062,-0.051760829985141754,47643
3,large,198612,3.524573564529419,0.005372809711843729,15712
4,small,197603,3.50355863571167,0.024971764534711838,43132
