,size_grp,mth,predict,ret_exc_lead1m,permno
0,small,197304,19.583209991455078,0.09055417031049728,50980
1,mega,198712,6.35136079788208,0.13612689077854156,24678
2,small,197708,4.116868495941162,-0.051760829985141754,47643
3,large,198612,5.838896751403809,0.005372809711843729,15712
4,small,197603,2.9067223072052,0.024971764534711838,43132
